<?xml version="1.0" encoding="utf-8" ?>
<extension type="component" method="upgrade">
	<name>COM_GOLFSUBS</name>
	<creationDate>Feb 2023</creationDate>
	<author>Bernie</author>
	<authorEmail>[AUTHOR_EMAIL]</authorEmail>
	<authorUrl>[AUTHOR_URL]</authorUrl>
	<copyright>[COPYRIGHT]</copyright>
	<license>GNU General Public License version 2 or later;</license>

	<version>1.0.3</version>
	<!-- Adding Parameters -->
	
	<description>COM_GOLFSUBS_XML_DESCRIPTION</description>
	<namespace path="src">GolfsubsNamespace\Component\Golfsubs</namespace>
	<scriptfile>script.php</scriptfile>
	<install> <!-- Runs on install -->
		<sql>
			<file driver="mysql" charset="utf8">sql/install.mysql.utf8.sql</file>
		</sql>
	</install>
	<uninstall> <!-- Runs on uninstall -->
		<sql>
			<file driver="mysql" charset="utf8">sql/uninstall.mysql.utf8.sql</file>
		</sql>
	</uninstall>
	<update>  <!-- Runs on update -->
		<schemas>
			<schemapath type="mysql">sql/updates/mysql</schemapath>
		</schemas>
	</update>
	<!-- Frond-end files -->
	<files folder="components/com_golfsubs">
		<!-- <folder>forms</folder>  -->
		<folder>forms</folder>
		<folder>language</folder>
		<folder>src</folder>
		<folder>tmpl</folder>
	</files>
    <media folder="media/com_golfsubs" destination="com_golfsubs">
		<filename>joomla.asset.json</filename>
		<folder>js</folder>
    </media>
	<plugins folder="plugins/content/contentphoneformat">
		<filename>contentphoneformat.php</filename>
		<filename>contentphoneformat.xml</filename>
		<folder>language</folder>
	</plugins>
	<!-- Back-end files -->
	<administration>
		<menu img="class:comment">
			COM_GOLFSUBS
			<params>
				<dashboard>golfsubs</dashboard>
			</params>
		</menu>
		<submenu>
		<menu link="option=com_golfsubs">
				COM_GOLFSUBS
				<params>
					<menu-quicktask-title>COM_GOLFSUBS</menu-quicktask-title>
					<menu-quicktask>index.php?option=com_golfsubs&amp;view=member&amp;layout=edit</menu-quicktask>
				</params>
			</menu>
			<menu link="option=com_golfsubs">COM_GOLFSUBS</menu>
			<menu link="option=com_categories&amp;extension=com_golfsubs">
				JCATEGORY
				<params>
					<menu-quicktask-title>JCATEGORY</menu-quicktask-title>
					<menu-quicktask>index.php?option=com_categories&amp;view=category&amp;layout=edit&amp;extension=com_golfsubs</menu-quicktask>
				</params>
			</menu>
			<menu link="option=com_fields&amp;context=com_golfsubs.member">JGLOBAL_FIELDS</menu>
			<menu link="option=com_fields&amp;view=groups&amp;context=com_golfsubs.member">JGLOBAL_FIELD_GROUPS</menu>
		</submenu>
		<files folder="administrator/components/com_golfsubs">
		 	<filename>access.xml</filename> 
			<filename>config.xml</filename>
			<folder>forms</folder>
			<folder>language</folder>
			<folder>presets</folder>
			<folder>services</folder>
			<folder>sql</folder>
			<folder>src</folder>
			<folder>tmpl</folder>
		</files>
	</administration>
<!-- 	<changelogurl>https://raw.githubusercontent.com/astridx/boilerplate/tutorial/changelog.xml</changelogurl>
	<updateservers>
		<server type="extension" name="Member Updates">https://raw.githubusercontent.com/astridx/boilerplate/tutorial/member_update.xml</server>
	</updateservers>
	<dlid prefix="dlid=" suffix="" /> -->
</extension>
